username#discrim,current streak,max streak
hyeritea#0,84,1726
_orca_.#0,49,114
mling23#0,40,112
Amiable Jaekelopterus#6289,29,87
angelaho#0,26,55
harika_nse#0,23,141
unguyen8#2489,21,29
jireffe#0,21,66
jeaniebeanie07#0,20,20
.geometrydash#0,20,48
tyrrellite#0,20,190
ansere#0,19,173
umbriel5848#0,18,113
flex.tape#0,18,20
hoatzinjy#0,18,51
crunchyxsoup#0,17,75
petridish_#0,16,109
podicipede#2688,16,33
Medha#7912,15,49
alpacan_chicken#0,15,15
youraveragejoe6769#0,15,15
fourslices#0,15,28
yunhuaa#0,14,30
ck123#0,14,126
Deleted User 3317b7ec#6507,14,30
logantokle#0,13,55
obitorial#0,13,186
twig_8#0,12,95
xchirality#0,12,33
Aaronk-47#2884,11,24
zelario12#0,11,24
borger3#0,10,46
azhang941#0,10,50
knabby#0,10,43
79797979797979797979797979797979#0,10,21
thehappyface#0,9,10
ellenimationz#0,9,87
mush.room.#0,9,17
mikasasimp#0,9,96
avdestroyer#0,9,45
ohneelie#0,8,12
kaeotica#0,8,45
icteridae#1908,8,8
kreesant#0,8,12
ntjn#0,8,17
brightknight2957#0,8,17
cellytr#0,8,18
icecrystal24#0,7,99
ella5102#5648,7,7
pooperspizzaz#0413,7,79
oriana#3144,7,31
joelhascooties#0,7,43
aquadolphin88#0,7,35
archedbug#0,7,7
sombode#0,7,11
mikumagic#0,7,7
Callan#1828,6,31
mango1852#0,6,101
mindy#0359,6,149
erin0227#0,6,24
orfrigatebird#0,6,6
quarantuan#3137,6,17
bc_10#0,6,11
elito7023#0,6,40
lettucelee#0,6,6
koreankimbapkim#0,6,20
a_hobbit#0,6,37
eeeemma#0,5,23
dreaded labrador#5824,5,18
CassieW#1229,5,14
gcl12#0,5,56
theepicbebster#0,5,48
adnilem.#0,5,60
Iviti#6704,5,8
axolotl#5248,5,32
shrek#4878,5,23
claiiirrreee#0,5,29
orivialiu#0,5,498
babaganoush47#0,5,62
scottmaurer#0,5,21
Spinosaurus aegyptiacus#8212,5,14
strikingtsunami27#0,4,12
emliuu#1157,4,31
jackie.jc.c#3237,4,19
christopherou#0,4,28
1hi2#0,4,49
mfarnell#4252,4,5
acballer123#2018,4,13
krispy.kale#1947,4,4
Lazy Cisticola#0157,4,4
yeethappymeta#0,4,18
yakomoz#0,4,40
whalesc#0,4,10
nosleepstillweak#0,4,72
Deleted User d7d1d30a#6077,4,31
mickyyyyy#0,4,11
APetalMyLove#9105,4,7
felixzhan#0,4,20
qisa#0,4,4
loadingdotdotdot#0,4,24
reverse7326#0,4,12
ametrine3660#0,3,4
naina#6548,3,12
singapuli#0,3,7
grantlilyj#3011,3,7
elizabethg#0,3,12
avocadoplantss#0,3,16
flowercity#0,3,26
dead_fish1#0,3,18
OP#2261,3,25
plumeriatheflower#0,3,7
slushhee#0,3,3
sealimiso#0,3,8
organphailure#0,3,3
morosaur#0,3,66
jhu123#0,3,32
swabbybobby#0,3,24
Scrunjo#4734,3,9
jerm_the_worm#0,3,20
purple evil goose#2302,3,11
_tunac#0,3,3
jlam999#0,3,34
Deleted User 5b281303#3526,2,7
Deleted User 4affca43#8568,2,2
amy7426#0,2,21
erika#7648,2,4
sunnypn#4828,2,3
anageek#8167,2,24
_roytoy#0,2,21
brent_n#0,2,2
charliethebunny#0,2,13
chellison#0,2,2
Rithhvik#9325,2,68
afnxne#0,2,9
Nik#5017,2,8
irinaolisha#0,2,12
me is alive#0556,2,4
babytofu#9030,2,4
childreninmycloset#0,2,2
thegroundsloth#0,2,18
vlad_theinhaler#0,2,8
adich68#0,2,2
dankanom#0,2,2
_harrrry#0,2,8
ann ‚Ä¢~‚Ä¢#9704,2,26
aimer8317#0,2,37
scuffedyt#0,2,13
_notanoob#0,2,17
theawesome.#0,2,3
Deleted User 688563e4#0893,2,12
lowskilledimmigrant#0,2,80
sparkemx#0,2,22
nylonn#0,2,9
alex3.14#0,2,5
returntomonke06#0,2,3
julietttttt#0,2,2
grape00#0,2,2
no.cloak#1010,2,10
Farhaan Ahmed#8114,2,10
titanos77#0,2,2
penguintron69#0,2,2
mashed_potato_cat#0,2,2
nebu1a1#0,2,60
astroboss#0,2,8
h.mmm#0,2,21
precambriansoup#0,2,6
levelhit#0,2,29
ha! koshu#5571,2,31
firecheeser#0,2,5
leminspector#0,2,8
securecompartmentalizedinfo#0,1,2
notapoisonoussnake#0,1,8
arc7142#0,1,1
MashedPotato#7465,1,12
andrrrew#0,1,2
emmah13#0,1,1
Deleted User fabcb0bc#9427,1,3
viv5_11#0,1,7
ajg1234#5518,1,4
claudialal#0,1,10
Ajool#7812,1,1
sosodapro#0,1,2
radfelis_catus#0,1,9
trisha9844#0,1,17
snowyowl3425#0,1,3
mr fwog#9294,1,1
zhay_rang#0,1,5
cryolite6767#0,1,1
catl1n.#0,1,8
_vishals#0,1,2
dast7#0,1,6
Slackering#6140,1,22
mayhapsdaniel#0,1,20
jaymath#0,1,14
fishi#8613,1,3
jeff0608.#0,1,6
neiner#7189,1,4
simplyjerry#0,1,1
ethepea#0,1,3
steven.tan#0,1,11
Deleted User 8a53e3c6#3889,1,1
ThatWaterQualityGuy#7497,1,2
Claire K#4051,1,1
veridiplo.#0,1,28
.aheadrain#0,1,27
arcsecant.#0,1,5
remembertoputnamehere#0,1,2
Deleted User bec3db71#7834,1,8
karina#2986,1,13
birbbble#0,1,6
nameless#5565,1,5
ÀôÀö öJordys Princess…ûÀöÀô#4732,1,5
jolieeeee#0,1,11
.dltx#0,1,50
zethrion#0,1,7
ria47#0,1,12
_redacted5#0,1,3
colposh#0,1,3
yesimaspider#0,1,1
lordfruitsnacks#0,1,45
redwoodsareawesome#0,1,3
despot43#0,1,4
thebigbirdo#0,1,16
Deleted User 75897979#9079,1,4
kren#7052,1,72
gluon#2121,1,10
paraa8#0,1,1
JW#6121,1,1
deeksha#0,1,1
Jahnavi#4535,1,6
stu#5173,1,4
mayonnaisehelmet#0,1,1
aviantrumpet#0,1,1
hidekopyon#0,1,2
mightypenguin55#0,1,15
waterguardian#0,1,4
kreeschan#0,1,1
sakura2rose#0,1,7
nitthekit#0,1,1
nora.r#0,1,14
absurdum#0,1,1
silphy_#0,1,11
ninjafrog007#0,1,1
charlatan#8018,1,1
calebn#5879,1,1
nikpik#3584,1,1
erictao#0,1,35
winnie#8700,1,37
corvidae1833#0,1,22
moxhi#8856,1,1
casspea#0,1,2
noahjb#0,1,7
themi#6348,1,8
thesleepypp#0,1,2
DTT#8950,1,1
__socrates#0,1,1
olwi#0,1,5
s_e__b_a#0,1,1
abcxyz#8969,1,5
qiaochloe#0,1,15
abstractavocet#0,1,1
Intallica#0839,1,1
ans420#0,1,1
enlin.#0,1,4
sophicle#0,1,6
_chewy__#0,1,1
dlpi#0,1,1
wavinglywavingly#0394,1,24
rip2002#0,1,38
olie#4355,1,1
gnati#0,1,3
m0omoomilk#0,1,1
kysolaris#0,1,1
rareharambebenson.#0,1,15
Eshaam Bhattad#3004,1,97
LeoLion989#2837,1,12
nervous.rex#0,1,36
danglesbanana#0,1,8
fwedish#0191,1,8
aelin#3189,1,14
Deleted User 16017d46#0093,1,4
telkey#0,1,1
slackerwastaken#0,1,15
pm2017#0,1,1
ninxeas#0,1,4
nathan#1000,1,12
sentientrock#0,1,1
thatsiracha#0,1,1
realnitril#0,1,15
sockura.#0,1,1
Barborygor#3526,1,1
dan.k.memes#0,1,1
.bigjijiman#0,1,1
kenji_of_east#0,1,2
edolphin232#0,1,1
crackerjack2506#0,1,12
paingu.#0,1,1
dc1mousavi#9805,1,2
Deleted User 38529714#6471,1,1
fire.ninja#0,1,47
LEMICKEY6#8106,0,2
joshloydmasonbrock#6514,0,0
rosequartz7554#0,0,0
morcaca#0,0,0
definitelynotzac#5207,0,0
snapninja#0,0,0
SweatyThunder#8621,0,0
Yinaro of Kekendorkk Junior High#1099,0,0
Deleted User 33a4c944#4766,0,0
hyperquark#0,0,3
sanjay#9533,0,0
GoldHawk6#1552,0,0
!?#3103,0,0
cheezwheels#0,0,0
sukrete#0,0,0
RedFett687#5750,0,1
Deleted User 26d08ad7#4284,0,0
0511#0,0,0
a-tokle1#2062,0,0
mocha5086#0,0,5
Hunter Xu#3771,0,1
bemusedant#0,0,0
splendidemendax#3686,0,0
corgilver#0,0,3
Scarlet Witch#9738,0,9
_frostberry#0,0,7
couch potato#2330,0,9
atreya_#0,0,14
Angelas biggest fan#6597,0,1
PiePie#3550,0,0
medaking1000#0,0,1
anhinga#2558,0,0
Mwang#7052,0,0
jujistu#0,0,0
xXHungerXx#2660,0,0
megan8882#0,0,2
mzsyed#0,0,0
shivali#7997,0,0
akshay9168#0,0,0
dasqueakyrager#0,0,0
Bryanshin#5684,0,3
izzigang#4328,0,2
me1234#4786,0,0
suben#6044,0,0
polaris24#0,0,2
multiple darshes#5705,0,0
green_dino_98#0,0,1
idk._.honestly#0,0,0
lemon.aids.#0,0,0
morarobustfan#0,0,2
sussyrock#6226,0,5
carmenm#4593,0,8
Russianspy#4521,0,5
.diyaaaaa#0,0,0
Tanmay#3123,0,5
orange_juice#5912,0,0
shoelace_.#0,0,0
hboy8#0,0,0
Alan Jegan#3648,0,3
chungus1585#0,0,2
agneg05#0,0,0
thysoulofwit#0,0,0
starfishpanda#0,0,0
Deleted User 51782452#1518,0,11
It's_A_Bumblefly#3998,0,4
_lita_#0,0,0
AD10S#3152,0,0
ramen.png#0,0,2
Rohan#8842,0,0
damniwishiwasswag#0,0,0
youll#1612,0,6
Deleted User 5c4acac4#4219,0,0
science_girlie#0,0,6
rachel_12#0,0,4
twopencecoin#0,0,1
Sipnach#7005,0,0
aarushi._.#0,0,19
Arcee#4545,0,0
ichthyoborbus#0,0,6
err0r05#0,0,0
.ramanujan#0,0,9
katherineke#0,0,0
Deleted User 2f901039#0409,0,0
BÃ¥ÃÇÕùOÃµÃÖÕÖOÃµÃâÕ†PÃ∏ÃçÃëYÃ¥ÃìÃΩ Ã¥ÕóÃΩ#1662,0,0
nivi.c#0,0,0
trashi279#6770,0,0
Raymond#4231,0,1
scotty5853#0,0,0
tangyrin#0,0,10
prernabharath#0,0,1
.bananasaurus.#0,0,0
ice_blue07#9250,0,12
Nithin#6902,0,0
icemellow#0,0,1
numba1parkerwongfan#0,0,0
soanpan#0,0,1
catherinebyrne#0,0,3
operationeggroll#0,0,1
polarbear3851#0,0,10
woxic_pt#0,0,22
Rix15#3557,0,2
kevinli7180#0,0,4
smruti#0,0,6
jokmammam#8799,0,2
athedarsh#0,0,0
ChinaEastern583#6771,0,0
jeffman888#0,0,2
_bellalala#0,0,1
!s3.amazonaws.com/Ã∂mÃ∂aÃ∂l(ad)ware#1608,0,0
guyofguy#0,0,0
rampantterror66#0,0,1
drippypinkarmsleeve#5344,0,0
jorgnsn#0,0,1
karthik#0736,0,10
nayrie#0,0,0
Imperator#1664,0,0
igris7380#0,0,1
shreyase39#0,0,14
caffeinatedsquirrel#0,0,0
_apri_#0,0,4
turtle2525#0,0,4
citrusmelon#0,0,0
notthatgrape#0,0,0
phylly#0,0,0
babytaiyo#0,0,0
„Éê„Ç´#5836,0,1
.wabafet#0,0,5
ruby4red#0942,0,62
TheUltimateMeme#4095,0,0
fyrework#0,0,1
z_axolotl#0,0,6
fikkyd#0,0,2
beck#0814,0,2
jwei302#0,0,0
swarooop#8038,0,10
Narz#0202,0,0
Deleted User 87de483e#9583,0,0
anat1dae#0,0,0
bobatea8668#0,0,2
JKidding#8582,0,3
antiq_g#0,0,3
green_.apple#0,0,7
lcfiredog#0,0,2
angel <3#7208,0,3
lunchbox#8936,0,7
lordheavenly#0,0,0
aliceleleliu#0,0,3
davidiouss#2191,0,0
brain1757#0,0,0
BeanyBeanz#3343,0,0
breadomatic#0,0,0
duhdubnub#0,0,1
Deleted User 88e93be9#9991,0,1
merlyn#3524,0,9
someguy713#0,0,14
aptdon#0,0,0
netares#0,0,10
ezraft#0,0,0
naren_pr#1306,0,0
pderekdactyl#0,0,7
minorila#0,0,0
A.J.#3016,0,10
ella5102#4982,0,15
uyoai#0,0,26
Remzi#4432,0,0
Dan.San#6087,0,5
deoxyribonucleicacid#0,0,5
riceecat#0,0,6
.star14#0,0,0
BigDhruv1234321#1331,0,14
berrez#0,0,1
Wabby Crabby „ÉÑ#9089,0,0
claire#3325,0,0
Deleted User c38745a7#7481,0,1
karpothu#0,0,0
oompa_lumpa_juan#0,0,3
silverbreeze.#0,0,0
Ani#1019,0,0
kenxhvsty#0,0,54
ThatOneAsian#7197,0,1
aadrij#0,0,1
glucose#7088,0,0
strikerramses#0,0,0
Judd.tastic#5096,0,29
legendluhar#0,0,0
1_o_o_1#0,0,0
drewsargentiniangrandpa#0,0,1
sorinayaa#0,0,0
fiiivex#0,0,2
forkhl#0,0,0
ZAF#9221,0,0
anna_s12#0,0,0
jayboyaga123#8552,0,0
sadscias#0,0,0
ajoolpod#0,0,110
arjefferson#0,0,0
ultrafermion#0,0,0
nong_umm#0,0,0
pathtocreation#0,0,0
jawwsh#6877,0,0
_hu_man#0,0,6
vishwa1#0,0,0
NaBrO3#5630,0,0
thetjb#0,0,1
Deleted User fc523676#0923,0,2
aayushg#8698,0,27
stellardonkey#0,0,0
leevsoo#0,0,5
mango#2778,0,0
et.11037#0,0,8
ria03#0,0,8
ashes_xd#0,0,1
saum.yay#0,0,0
quagsire1538#0,0,0
nipu d#1641,0,3
ayaya#4917,0,4
poogiz#0,0,9
asun0#0,0,0
goslowpoke#0,0,2
Deleted User 82705c60#6781,0,0
deltacool#0,0,0
redlittlebirdy#0,0,0
EpicGamer101#1359,0,0
fishyishyfishy#0,0,2
AkashB#2247,0,0
christina#3823,0,0
ramennooder#0,0,0
risanamu#0,0,0
ka.vi#0,0,0
robyn.penguin#0,0,0
high_lighter#0,0,1
bobthejack#0,0,0
quakerwithouttheoats#0,0,0
michaelk0#0,0,0
agentdumpling#0,0,0
timetravelingcat#0,0,0
cloroxbleach1782#0,0,4
Komedi#0220,0,0
rico_skeems21#0,0,0
em44n#0,0,0
bkxsun#0,0,29
swabluly#0,0,7
quacklic_reformation#0,0,3
Chat#9199,0,7
Phillip#7938,0,0
worldlyoctopus#0,0,4
dishsoap843#0,0,0
.theorems#0,0,4
AlDas#2376,0,1
liberalismrules#0,0,0
idle704#0,0,0
childreninmyfactory#0,0,12
wonjae9080#0,0,0
gauzy (INACTIVE)#2991,0,0
murimdumplings#0,0,0
sakyuura#0,0,0
techmaster1100#0,0,7
amk578#0,0,0
_konathan#0,0,0
toast.rr#0,0,1
potato_kat#0,0,0
BlackSantaüéÖüèø#8960,0,0
fefe9h#0,0,1
poyukoh#0,0,0
danz137#0,0,23
aiyiu#0,0,14
childreninmyoven#0,0,2
bobabirb#2431,0,0
_skd_.#0,0,0
ishanvim#7792,0,0
Ech0#3288,0,2
gracem#4925,0,11
guardianofthetechtips#0,0,0
professormomo13#0,0,15
sociallyawkwardchild.#0,0,17
atropos1789#0,0,3
confusedostrich#0,0,0
rick.xu#0,0,0
yaboikev#0,0,2
maskedwalnut23#2070,0,1
masoooon_#0,0,0
ar492#0,0,0
nmnotfound#0,0,0
poetries#0,0,1
emeraldash.#0,0,1
Orangatang#6349,0,0
engineer42#0,0,0
gidthekid2#0,0,1
CatsFactorial#7880,0,0
ys6810#0,0,5
american woodglock#8685,0,0
lunar9514#0,0,1
Deleted User e011a08f#9191,0,0
sbean#9638,0,4
Deleted User 32324ae4#6928,0,0
Deleted User 51c77e7b#9172,0,6
AgileFlight#7440,0,0
sdd2023#0,0,1
phylloyeet#0,0,2
yangster39#0,0,0
dguo25#0,0,0
.onnion#0,0,12
insanity1098#0,0,3
aboutthat#0,0,408
warheen#0,0,0
arsei2rostn102b039ontoe294s910#6565,0,0
ambro._.#0,0,0
childreninmybasement#0,0,2
academic weapon#0154,0,2
CalebEEEE#4960,0,7
erinsu#0,0,2
joreme#0,0,1
20kleaguesunder#0,0,28
tucana#0,0,8
leo.y#0,0,0
fishyfredd#0,0,0
kaweees#0,0,0
irdrawzz#0,0,0
Anumeha#7164,0,1
caveiguana#0,0,11
trash#3586,0,0
lpann#0,0,13
emikami#0,0,37
applebeesfucksmeeveryday#0,0,0
thedevmc#0,0,0
pyxl8#0,0,15
blubba_wubba_lubba#0,0,1
kira.iamadood#0,0,0
Nikhil_Gang72#8038,0,0
Jar-Jar-OP#4135,0,0
ghoulleyguhl#0,0,0
jchanes04#0,0,0
refr1gerator.#0,0,4
dividing by zero#9054,0,16
benny_the_jett#0,0,10
elpaccamon#0,0,7
_saketh#0,0,0
evan.du#6922,0,2
nness_#0,0,0
deadbird402#0,0,0
Stevepib#6338,0,7
Deleted User 0d6e355d#1095,0,0
aarav9#0,0,0
someone_stole_my_name#0,0,0
matthewlam#0,0,0
flamingfawkes#0,0,0
Drug#6686,0,2
amaliackel#0,0,0
YitMeng#0109,0,0
eraserbird#0,0,0
owlking299#0,0,0
blu_goat#0,0,10
jelly234#0,0,6
amieball#0,0,0
_osar#0,0,1
kristen#0904,0,0
mjensen1818#1617,0,0
rohandewan#0,0,0
bench_hoe#0,0,0
sulebo#0,0,0
nkp361#0,0,1
mtlin11#0,0,29
para.dox#0,0,3
astrophilia#0,0,0
Revoosh#2742,0,0
vi.xen#0,0,1
weed is 4 cats#0236,0,0
obsequiouslemur#0,0,0
collinli#0,0,12
mnm#1558,0,0
the.dark.ninja#0,0,0
Nastics#4918,0,0
andrwndrr#0,0,2
ohorohoohwss#0,0,0
Angrymonkey19#7097,0,0
GAX#1609,0,0
wearymagpie#0,0,34
confxsion#0,0,0
ttonyxx#0,0,82
bladders#0,0,0
gelatina del c√©sped#2038,0,20
dyedm1#0,0,10
nicholaskao#0,0,6
fakedrivethruu#0,0,1
yungchopstix#0,0,4
bruhwhoelseisnamedrasmit#0,0,18
khoifish17#0,0,17
a.chandler#0,0,7
varunky#0,0,0
playbird#0,0,0
doctorschrocken#0,0,4
.thatsgneiss#0,0,0
camponotus.#0,0,0
kittoria#3983,0,0
linky1024#0,0,0
uvuvue#0,0,0
ohman1#0,0,0
papa__p#0,0,27
runcey#0,0,0
kuro12#0,0,0
N‚Ä¶P‚Ä¶#9157,0,0
rbcz9900#0,0,0
ironmilkies#0,0,1
yaoza#0,0,0
Tejas#7311,0,3
multiples#0,0,1
cwispibean#0,0,10
touwfoo#0,0,0
abhi1382#0,0,9
sage5493#0,0,0
musunuru#0,0,25
idakim#6203,0,4
efuu#0,0,0
jimjankowski#0,0,0
Iloram#2252,0,0
oshafamily#0,0,8
davege123#1216,0,5
zheng_he#0,0,0
anjalmjain#1915,0,8
twistya#0,0,0
idonthaveone2#0,0,17
Bessie the Cow#1609,0,0
awu917#0,0,0
n.e.o.n._#0,0,0
av12#0,0,3
kenipi#0,0,8
_cells#0,0,0
chrisge#0,0,1
marfffff#0,0,0
p1eboi#0,0,0
micr0vvave#0,0,0
bobtheblob2606#0,0,0
dividingbyzero#0,0,23
pranayr#0,0,0
elizabeth#6934,0,0
kzprime#0,0,0
fruitteafoodie#0,0,4
KP#9633,0,0
tellurium._.#0,0,2
viatic02#0,0,0
cheesepoofs#0,0,6
person_v1.32#0,0,0
lyncx#0,0,0
beanie8#0,0,14
nooobb#0,0,2
dawnvoid#0,0,3
teddybear0029#0,0,1
colinthdth#0,0,0
zoinks0#0,0,13
postyeet#0,0,1
clashingcougar#0,0,0
justina1#0,0,0
kyedesu#0,0,0
ahnoah#3386,0,0
boffskbob#0,0,3
sixnippleman#0,0,0
hummusaddict#0,0,0
Deleted User 971b4283#8148,0,2
jefriedrice#0,0,11
fleace#0,0,10
aayush#0026,0,0
yeeric#0,0,2
7hvnder#0,0,10
404ic#0,0,2
gucky.#0,0,4
veridisquo.#0,0,6
blufius#0,0,0
kh.aotic#0,0,14
ButteryKirby#6906,0,0
pravitia#0,0,0
__monitor__#0,0,1
tiantin#0,0,69
klebb#0,0,0
.niess#0,0,0
pyguyofdoom#0,0,12
squeaky.#0,0,0
